name,popularity,albumName,artistNames,spotifyUri,timePlayed
"Down Bad (feat. JID, Bas, J. Cole, EARTHGANG & Young Nudy)",71,Revenge Of The Dreamers III,Dreamville,spotify:track:36J0iaPDGbYGsHvYpaYs3k,2022-02-07T13:31:00.410Z
Potato Salad,75,Potato Salad,"Tyler, The Creator",spotify:track:1jzIJcHCXneHw7ojC6LXiF,2022-02-07T13:34:03.710Z
untitled 08 | 09.06.2014.,61,untitled unmastered.,Kendrick Lamar,spotify:track:5bBUDJUfGcG7eFy3Bf4fXv,2022-02-07T13:39:12.890Z
Love & Alcohol,26,Killer Dreams,Together Pangea,spotify:track:5id75Z0W9zgCpzDtAmh4EL,2022-02-07T13:42:34.512Z
La Platja,30,Les Ratlles Del Banyador,La iaia,spotify:track:3CEPkrkHdrX9Yv6AQmoQiU,2022-02-07T14:25:12.323Z
Fetch The Bolt Cutters,51,Fetch The Bolt Cutters,Fiona Apple,spotify:track:4SdubskbLiOkpsIjRVVsya,2022-02-08T19:21:09.250Z
anything,62,songs,Adrianne Lenker,spotify:track:4PwWESSlTwzvw9B7bmtTLS,2022-02-08T19:24:30.509Z
These Days,71,Chelsea Girl,Nico,spotify:track:3uCkIqD0VzQUijbs8WIizs,2022-02-08T19:28:01.929Z
Oom Sha La La,59,I Need to Start a Garden,Haley Heynderickx,spotify:track:28kOpVf1aCgL0LSFfuKV4w,2022-02-08T19:30:59.564Z
Pressure To Party,55,Crushing,Julia Jacklin,spotify:track:5Wyy2JHaM8cKEN6YDC6C8O,2022-02-08T19:34:02.540Z
Do You Think We’ll Last Forever?,61,Superstar,Caroline Rose,spotify:track:2AID9aFUUt0M76951vXasG,2022-02-08T19:38:18.187Z
Whole New Mess,40,Whole New Mess,Angel Olsen,spotify:track:7G2qiNMmclEQvBI5QiVKvs,2022-02-08T19:42:01.032Z
Simulation Swarm,64,Simulation Swarm,Big Thief,spotify:track:0kVBi81VO9ewtpOlSvRLOV,2022-02-08T19:48:12.454Z
No Reason,52,Simulation Swarm,Big Thief,spotify:track:6Hxz44MbX1M5Rqx2m14cOr,2022-02-08T19:51:59.130Z
Spud Infinity,51,Simulation Swarm,Big Thief,spotify:track:09N80UTcADKcQfWQdUtNsl,2022-02-08T19:57:33.707Z
Time Escaping,49,Simulation Swarm,Big Thief,spotify:track:0smJDhuEk2cwnBaWAwcLB1,2022-02-08T20:01:22.397Z
Change,49,Simulation Swarm,Big Thief,spotify:track:1bcYmuBRdxfebRILmVfVUN,2022-02-08T20:06:18.383Z
Certainty,48,Simulation Swarm,Big Thief,spotify:track:3KTWe008i196mJTpRGfcQR,2022-02-08T20:09:25.255Z
Little Things,48,Simulation Swarm,Big Thief,spotify:track:0CDraWP694ADGOoNx4jfcS,2022-02-08T21:30:01.538Z
Who Really Needs Who,21,CORRESPONDENCE,Jens Lekman,spotify:track:2kqxMIUKJ5alrHrIQEwM97,2022-02-09T00:40:54.033Z
A New England,41,Life's a Riot with Spy vs. Spy (30th Anniversary Edition),Billy Bragg,spotify:track:0tLuGOBe8BjapO9GcX9WXb,2022-02-09T09:02:30.010Z
The Man in the Iron Mask,20,Life's a Riot with Spy vs. Spy (30th Anniversary Edition),Billy Bragg,spotify:track:4QHAWuIQbLRFglqkCYlrPX,2022-02-09T09:04:44.005Z
A New England,41,Life's a Riot with Spy vs. Spy (30th Anniversary Edition),Billy Bragg,spotify:track:0tLuGOBe8BjapO9GcX9WXb,2022-02-09T09:07:18.653Z
The Man in the Iron Mask,20,Life's a Riot with Spy vs. Spy (30th Anniversary Edition),Billy Bragg,spotify:track:4QHAWuIQbLRFglqkCYlrPX,2022-02-09T09:09:33.041Z
A New England,41,Life's a Riot with Spy vs. Spy (30th Anniversary Edition),Billy Bragg,spotify:track:0tLuGOBe8BjapO9GcX9WXb,2022-02-09T09:12:54.695Z
The Man in the Iron Mask,20,Life's a Riot with Spy vs. Spy (30th Anniversary Edition),Billy Bragg,spotify:track:4QHAWuIQbLRFglqkCYlrPX,2022-02-09T09:15:09.051Z
The Busy Girl Buys Beauty,18,Life's a Riot with Spy vs. Spy (30th Anniversary Edition),Billy Bragg,spotify:track:1jhR0vhPNVj3TlhLUAO9oB,2022-02-09T09:17:08.214Z
Lovers Town Revisited,18,Life's a Riot with Spy vs. Spy (30th Anniversary Edition),Billy Bragg,spotify:track:3VtKBUOebzW57czX5035GC,2022-02-09T09:18:26.299Z
By The Ports Of Europe,29,I Tell A Fly,Benjamin Clementine,spotify:track:411Qs2xke6fy5vk9432eQU,2022-02-09T09:22:07.152Z
"Mama, You Been on My Mind - Studio Outtake - 1993",57,Grace (Legacy Edition),Jeff Buckley,spotify:track:4yg2qSpnVAbQLPjCJTWwtY,2022-02-09T09:25:33.824Z
Occapella,44,Discover America,Van Dyke Parks,spotify:track:2ROwSkH2C01lxAOjq0LasX,2022-02-09T09:28:15.637Z
Not - Edit,31,Not,Big Thief,spotify:track:0QlULHJrr9u2AunNm1mmzi,2022-02-09T09:32:36.217Z
Fetch The Bolt Cutters,51,Fetch The Bolt Cutters,Fiona Apple,spotify:track:4SdubskbLiOkpsIjRVVsya,2022-02-09T09:43:31.115Z
Under The Table,55,Fetch The Bolt Cutters,Fiona Apple,spotify:track:12WhIX6MvI93bS3wPSStSY,2022-02-09T09:46:53.224Z
Relay,47,Fetch The Bolt Cutters,Fiona Apple,spotify:track:5hnOzmFuGltDDAm008jFDh,2022-02-09T09:51:42.219Z
Rack of His,47,Fetch The Bolt Cutters,Fiona Apple,spotify:track:17QLp5uadHptxnmq9clK8U,2022-02-09T09:55:24.126Z
Newspaper,45,Fetch The Bolt Cutters,Fiona Apple,spotify:track:1YsWyCYqpA8uZaR9SfYAnY,2022-02-09T10:00:56.315Z
Ladies,50,Fetch The Bolt Cutters,Fiona Apple,spotify:track:0jH0IsCBGackT3RmHBbSUI,2022-02-09T10:06:22.241Z
Heavy Balloon,46,Fetch The Bolt Cutters,Fiona Apple,spotify:track:2OQpQTRogZ1AhnUHJiT9Nb,2022-02-09T10:09:48.175Z
Cosmonauts,49,Fetch The Bolt Cutters,Fiona Apple,spotify:track:7eGoc6UmwiRAVnilTZajNC,2022-02-09T10:13:48.176Z
For Her,48,Fetch The Bolt Cutters,Fiona Apple,spotify:track:5BBWr1LUsCH1tECJLAUGnP,2022-02-09T10:16:31.618Z
Drumset,44,Fetch The Bolt Cutters,Fiona Apple,spotify:track:4baGw8dAfqNl7RrmlMtzb5,2022-02-09T10:19:12.171Z
On I Go,42,Fetch The Bolt Cutters,Fiona Apple,spotify:track:6VU4Ys4rbbbwJ84g1ZuYA5,2022-02-09T10:22:21.020Z
Paper Bag,63,When The Pawn...,Fiona Apple,spotify:track:0IVkP59yJ9GFF6B7IrvrxA,2022-02-09T10:26:01.072Z
zombie girl,56,songs,Adrianne Lenker,spotify:track:3v2OxIsGWJXWfLuRkB59Q6,2022-02-09T10:28:45.406Z
Fetch The Bolt Cutters,51,Fetch The Bolt Cutters,Fiona Apple,spotify:track:4SdubskbLiOkpsIjRVVsya,2022-02-09T11:27:44.451Z
Under The Table,55,Fetch The Bolt Cutters,Fiona Apple,spotify:track:12WhIX6MvI93bS3wPSStSY,2022-02-09T11:31:06.381Z
Relay,47,Fetch The Bolt Cutters,Fiona Apple,spotify:track:5hnOzmFuGltDDAm008jFDh,2022-02-09T11:35:55.081Z
Rack of His,47,Fetch The Bolt Cutters,Fiona Apple,spotify:track:17QLp5uadHptxnmq9clK8U,2022-02-09T11:39:38.386Z
Newspaper,45,Fetch The Bolt Cutters,Fiona Apple,spotify:track:1YsWyCYqpA8uZaR9SfYAnY,2022-02-09T11:45:09.959Z
Sailin' On,51,Bad Brains,Bad Brains,spotify:track:4P8n1pWj2xQnaBjy1rvZ3o,2022-02-09T11:48:36.760Z
Don't Need It,42,Bad Brains,Bad Brains,spotify:track:0TrGNlBKj3oFBpUPurIhBU,2022-02-09T11:49:44.328Z
Attitude,45,Bad Brains,Bad Brains,spotify:track:24DaDLmSzMMmiQIwaU2BxA,2022-02-09T11:51:04.413Z
The Regulator,41,Bad Brains,Bad Brains,spotify:track:0HX8txPQI5ni5gZ13JceRX,2022-02-09T11:52:11.889Z
Banned in D.C.,56,Bad Brains,Bad Brains,spotify:track:0YnP5BtP6lTwQV8gLOzaov,2022-02-09T11:54:24.724Z
Jah Calling,39,Bad Brains,Bad Brains,spotify:track:3JVK9FqWJF1Wk22EMUTeIU,2022-02-09T11:56:56.494Z
Supertouch/Shitfit,42,Bad Brains,Bad Brains,spotify:track:1Ad3HUXowm6ZuiI0RffX3u,2022-02-09T11:59:26.864Z
Leaving Babylon,39,Bad Brains,Bad Brains,spotify:track:4KzYRLRdiqrbceTxFtHygg,2022-02-09T12:03:37.483Z
F.V.K. (Fearless Vampire Killers),37,Bad Brains,Bad Brains,spotify:track:2Jkk7UunDLmtxSeHTgar4Z,2022-02-09T12:04:45.504Z
I,36,Bad Brains,Bad Brains,spotify:track:6LmvV0mpE2HfoUJ1t6cBph,2022-02-09T12:06:50.649Z
Big Take Over,44,Bad Brains,Bad Brains,spotify:track:2z83t0gfxu3Dnb0XUDBR3B,2022-02-09T12:09:47.376Z
A New England,41,Life's a Riot with Spy vs. Spy (30th Anniversary Edition),Billy Bragg,spotify:track:0tLuGOBe8BjapO9GcX9WXb,2022-02-09T12:12:06.613Z
The Man in the Iron Mask,20,Life's a Riot with Spy vs. Spy (30th Anniversary Edition),Billy Bragg,spotify:track:4QHAWuIQbLRFglqkCYlrPX,2022-02-09T12:14:21.009Z
The Busy Girl Buys Beauty,18,Life's a Riot with Spy vs. Spy (30th Anniversary Edition),Billy Bragg,spotify:track:1jhR0vhPNVj3TlhLUAO9oB,2022-02-09T12:16:20.267Z
Lovers Town Revisited,18,Life's a Riot with Spy vs. Spy (30th Anniversary Edition),Billy Bragg,spotify:track:3VtKBUOebzW57czX5035GC,2022-02-09T12:17:40.787Z
Going to Georgia,51,Zopilote Machine,The Mountain Goats,spotify:track:1ey9ub4AISvEmjM7tkoBh0,2022-02-09T12:20:08.794Z
Come Pick Me Up,55,Heartbreaker,Ryan Adams,spotify:track:0lngUitwRDbvZ5yVO76dVN,2022-02-09T12:25:27.054Z
Some Things Last a Long Time,49,1990,Daniel Johnston,spotify:track:0vzWUTqv0hDXJsH2fUrNlJ,2022-02-09T12:30:22.588Z
Back When I Was 4,38,It's the Ones Who've Cracked That the Light Shines Through,Jeffrey Lewis,spotify:track:0S4d4vdLZHId4ct2fgk0JR,2022-02-09T12:35:05.764Z
Chelsea Hotel #2,54,New Skin For The Old Ceremony,Leonard Cohen,spotify:track:4krhCfJg0znykZoyjeMXRe,2022-02-09T12:38:12.381Z
People Ii: The Reckoning,52,People Who Can Eat People are the Luckiest People in the World,AJJ,spotify:track:35ycG8vBnHjAfw1Q5WDl76,2022-02-09T12:42:22.012Z
No More Tears,40,People Who Can Eat People are the Luckiest People in the World,AJJ,spotify:track:2wqhEDKlvFLq4dzZOq4qSL,2022-02-09T12:43:24.368Z
Dogs,33,Benji,Sun Kil Moon,spotify:track:6RyR4xttpI4XWjAygWbrGx,2022-02-09T12:49:01.978Z
Please Be Patient with Me,36,Sky Blue Sky,Wilco,spotify:track:6KjhpY9ylfLNEJx6RB7xJC,2022-02-09T12:52:19.397Z
Wallflower,44,Who Are You? Who Is Anyone?,Moses Campbell,spotify:track:6xdl0FM9U3VZL3AwmHw8V3,2022-02-09T12:57:17.331Z
Jonathan,47,a-sides,Adrianne Lenker,spotify:track:1Pfc1Qpj0s9vQumI0JvpBp,2022-02-09T12:59:26.140Z
Martha,57,Closing Time (Remastered),Tom Waits,spotify:track:75QoXqTlvBwuITzow9egCB,2022-02-09T13:03:55.583Z
Do You Realize??,65,Yoshimi Battles the Pink Robots,The Flaming Lips,spotify:track:2DFRFqWNahKtFD112H2iEZ,2022-02-09T13:07:29.390Z
"Oh, Susquehanna!",46,The Great Depression,"Defiance, Ohio",spotify:track:17WLsYuq1XzmkWhkwRvHZP,2022-02-09T13:11:06.260Z
I'm So Tired,71,Instrument Soundtrack,Fugazi,spotify:track:5IafdoRLyaGPeeA6f8ysIe,2022-02-09T13:13:05.128Z
These Days,71,Chelsea Girl,Nico,spotify:track:3uCkIqD0VzQUijbs8WIizs,2022-02-09T13:16:36.852Z
anything,62,songs,Adrianne Lenker,spotify:track:4PwWESSlTwzvw9B7bmtTLS,2022-02-09T13:27:42.532Z
zombie girl,56,songs,Adrianne Lenker,spotify:track:3v2OxIsGWJXWfLuRkB59Q6,2022-02-09T13:30:27.424Z
Indiana,54,a-sides,Adrianne Lenker,spotify:track:4yVrfsUNtc5RS7nbOv8hHA,2022-02-09T13:33:05.664Z
P-Funk (Wants To Get Funked Up),50,Mothership Connection,Parliament,spotify:track:0GIfaHgivfBCV67eYF996A,2022-02-09T13:41:24.023Z
Give Up The Funk (Tear The Roof Off The Sucker),64,Mothership Connection,Parliament,spotify:track:4XRkQloZFcRrCONN7ZQ49Y,2022-02-09T13:47:13.243Z
New Partner,43,Viva Last Blues,Palace Music,spotify:track:6N3NBd2vrhbH5m8ZHFO6xI,2022-02-09T13:54:05.644Z
(Joe Gets Kicked Out of School for Using) Drugs With Friends (But Says This Isn't a Problem),52,Teens Of Denial,Car Seat Headrest,spotify:track:4TlE6betO4tqzEn0bREQfq,2022-02-09T13:59:43.379Z
Hammond Song,48,The Roches,The Roches,spotify:track:3cPtZw0oqMEkKlGSF0SLkc,2022-02-09T14:05:28.025Z
Spring Breathes,41,Everybody's a Good Dog,Diane Coffee,spotify:track:3StZxypWiPsvpQeQyr4gMf,2022-02-09T14:12:58.977Z
Jubilee,37,Out of Sight,Jake Xerxes Fussell,spotify:track:2I9uEyvl00RBogtNkw8gZb,2022-02-09T14:16:57.475Z
Occapella,44,Discover America,Van Dyke Parks,spotify:track:2ROwSkH2C01lxAOjq0LasX,2022-02-09T14:19:54.060Z
All American Made,26,All American Made,Margo Price,spotify:track:7wggh0LMLFkLpFm7uAeJyA,2022-02-09T14:25:46.204Z
Ghost Dance,33,Time Flies,DBH,spotify:track:6yWlIVjWD0BsSyYfI8nHML,2022-02-09T14:29:20.206Z
Last Great American Whale,36,New York,Lou Reed,spotify:track:6xSTcpfGrdUxVa2kTOjIgl,2022-02-09T14:33:02.669Z
Not - Edit,31,Not,Big Thief,spotify:track:0QlULHJrr9u2AunNm1mmzi,2022-02-09T14:37:12.652Z
High on the Mountain,41,Rising Sun Melodies,Ola Belle Reed,spotify:track:3H88Mnt8OpEVKqtFK4VvLt,2022-02-09T14:40:20.354Z
The Sexual Loneliness of Jesus Christ,37,Creatures of Light & Darkness,Jackie Leven,spotify:track:2bWg5nW4SG8JZfUM1mi2zt,2022-02-09T14:46:41.074Z
Fond Farewell,42,Seth Avett & Jessica Lea Mayfield Sing Elliott Smith,Seth Avett & Jessica Lea Mayfield,spotify:track:3oiAHbbIOu8XKTDp5O2yz4,2022-02-09T14:49:40.599Z
Been Struggling,37,Luca,Alex Maas,spotify:track:0gqf9Si8wjPTxy3TP0avIy,2022-02-09T14:53:01.374Z
Hey Jude,39,Wheedle's Groove - Seattle's Finest in Funk & Soul 1965-75,The Overton Berry Trio,spotify:track:2Xgwpj62TZGituPLdHk6vk,2022-02-09T14:58:36.370Z
Your Coffee Is a Disaster,32,Not Our First Goat Rodeo,Stuart Duncan,spotify:track:2vivvACpIcdBBM2tTDypuv,2022-02-09T15:03:18.051Z
Rooftops,36,Trust,Gambles,spotify:track:0G9ldwTPfbrCuMMPls9U0l,2022-02-09T15:07:37.509Z
Fill Your Heart,41,Fill Your Heart With Biff Rose,Biff Rose,spotify:track:0oqJTULPitDfXzhLypRLDH,2022-02-09T15:10:50.561Z
True Dreams of Wichita,36,Ruby Vroom,Soul Coughing,spotify:track:0XxkoXS5CSHzKFeS6N8sga,2022-02-09T15:15:50.352Z
Studies for Player Piano: Study No. 6,35,Nancarrow: Studies / Tango / Piece No. 2 / Trio,Conlon Nancarrow,spotify:track:6YpyKmgTxZahaGmMb4yakx,2022-02-09T15:19:41.535Z
How Did I Get Through Day,33,Best Summer Ever,Har Mar Superstar,spotify:track:6OwBCxzxlUo9r13LH9bU6x,2022-02-09T15:23:06.446Z
Mother in the Graveyard,28,The Invisible Comes to Us,Anna & Elizabeth,spotify:track:2SykyBJYHOEQC60XynokLk,2022-02-09T15:26:25.844Z
How Did I Get Through Day,33,Best Summer Ever,Har Mar Superstar,spotify:track:6OwBCxzxlUo9r13LH9bU6x,2022-02-09T15:34:47.828Z
Mother in the Graveyard,28,The Invisible Comes to Us,Anna & Elizabeth,spotify:track:2SykyBJYHOEQC60XynokLk,2022-02-09T15:38:07.862Z
A New England,41,Life's a Riot with Spy vs. Spy (30th Anniversary Edition),Billy Bragg,spotify:track:0tLuGOBe8BjapO9GcX9WXb,2022-02-09T16:08:00.639Z
The Man in the Iron Mask,20,Life's a Riot with Spy vs. Spy (30th Anniversary Edition),Billy Bragg,spotify:track:4QHAWuIQbLRFglqkCYlrPX,2022-02-09T16:10:14.986Z
The Busy Girl Buys Beauty,18,Life's a Riot with Spy vs. Spy (30th Anniversary Edition),Billy Bragg,spotify:track:1jhR0vhPNVj3TlhLUAO9oB,2022-02-09T16:12:14.245Z
Lovers Town Revisited,18,Life's a Riot with Spy vs. Spy (30th Anniversary Edition),Billy Bragg,spotify:track:3VtKBUOebzW57czX5035GC,2022-02-09T16:13:34.793Z
Intro - Live,14,Life's a Riot with Spy vs. Spy (30th Anniversary Edition),Billy Bragg,spotify:track:3D675UfnT1SrK8KM8iA8Hk,2022-02-09T16:14:25.582Z
Head On (Hold On To Your Heart),51,On Oni Pond,Man Man,spotify:track:6pwYi8JStPRDK7bk2qul9w,2022-02-09T16:18:54.940Z
Gates of Dawn,24,Restless Ones,Heartless Bastards,spotify:track:7FtRmRGR4cVwAPfVD4Xx0n,2022-02-09T16:22:17.024Z
Little Black Backpack,44,Nasty Little Thoughts,Stroke 9,spotify:track:36n3OdHmEJqvWl5Ut2pDtF,2022-02-09T16:26:00.230Z
Summer Of '69,83,Reckless (30th Anniversary / Deluxe Edition),Bryan Adams,spotify:track:0GONea6G2XdnHWjNZd6zt3,2022-02-09T16:29:36.221Z
Not,54,Two Hands,Big Thief,spotify:track:7lrhugjSbiImrNSLIFIq0c,2022-02-09T17:02:23.924Z
Het Is Al Laat Toch,60,Het Is Al Laat Toch,Racoon,spotify:track:5OhjkylPjKnmR7I2gnVNwz,2022-02-09T17:05:52.969Z
Shark Smile - Edit,60,Shark Smile (Edit),Big Thief,spotify:track:6exdwZ3EOSCjb11bd6k6Np,2022-02-09T17:09:07.995Z
Paul,66,Masterpiece,Big Thief,spotify:track:4AA4xt0NvJCUaJYh9SoZ1y,2022-02-09T17:12:12.101Z
Certainty,61,Certainty,Big Thief,spotify:track:10DoOnXIHg8Zn3Iucy8Tmu,2022-02-09T17:15:20.633Z
Androgynous,55,Let It Be (Expanded),The Replacements,spotify:track:3fnL2JDgy4QD04araOl0eY,2022-02-09T17:18:32.073Z
El Partisano,22,Miedo Al Silencio,Espaldamaceta,spotify:track:1TgoqOjkArBpOfp8YmvhVz,2022-02-09T17:22:26.316Z
yankee and the brave (ep. 4),41,RTJ4 (Deluxe Edition),Run The Jewels,spotify:track:23G19tdhNa1Pme4y34owSu,2022-02-09T17:24:52.280Z
ooh la la (feat. Greg Nice & DJ Premier),40,RTJ4 (Deluxe Edition),Run The Jewels,spotify:track:6yGGzwt9vnz5aBgseWt9WY,2022-02-09T17:27:56.705Z
out of sight (feat. 2 Chainz),40,RTJ4 (Deluxe Edition),Run The Jewels,spotify:track:0V0B6gbEP6BrnMi2LITXoX,2022-02-09T17:31:17.105Z
holy calamafuck,39,RTJ4 (Deluxe Edition),Run The Jewels,spotify:track:2uYslw0DRDq4EIaf8XEdE3,2022-02-09T17:35:16.254Z
goonies vs. E.T.,38,RTJ4 (Deluxe Edition),Run The Jewels,spotify:track:3ysa9NYS2LBkdHjOSj4V3I,2022-02-09T17:38:19.102Z
walking in the snow,38,RTJ4 (Deluxe Edition),Run The Jewels,spotify:track:6eak503r1C2IThCaQ47iaI,2022-02-09T17:42:14.788Z
JU$T (feat. Pharrell Williams & Zack de la Rocha),38,RTJ4 (Deluxe Edition),Run The Jewels,spotify:track:4TQt9Lg6oDi5XKM0zVg0TO,2022-02-09T17:45:40.076Z
never look back,37,RTJ4 (Deluxe Edition),Run The Jewels,spotify:track:4F2WCxozEABbAaZYLXGSAe,2022-02-09T17:48:26.196Z
never look back,37,RTJ4 (Deluxe Edition),Run The Jewels,spotify:track:4F2WCxozEABbAaZYLXGSAe,2022-02-09T19:08:15.034Z
the ground below,36,RTJ4 (Deluxe Edition),Run The Jewels,spotify:track:7aiwBglYevZ2qAGPrQG6A8,2022-02-09T19:10:47.062Z
pulling the pin (feat. Mavis Staples & Josh Homme),36,RTJ4 (Deluxe Edition),Run The Jewels,spotify:track:5COfxqk7FwuBgfC9270uG4,2022-02-09T19:14:24.127Z
ブリーズ,51,ファンキー・スタッフ,稲垣次郎とソウル・メディア,spotify:track:2llFlNkPX4hW1M3HLdEMBm,2022-02-09T19:22:20.066Z
Sepia,39,Oonops Drops Vol. 1,Indigo Jam Unit,spotify:track:5AVnWUXifjcxv7l9lKVIqb,2022-02-09T19:26:40.489Z
Half of the Way,48,Hill Climber,Vulfpeck,spotify:track:3uFp6gGgNMtSEmzx1cHTG4,2022-02-09T21:20:14.732Z
Darwin Derby,49,Hill Climber,Vulfpeck,spotify:track:1FwFVKRNX1IV4eEZSGGg5M,2022-02-09T21:23:30.869Z
Lonely Town,46,Hill Climber,Vulfpeck,spotify:track:0QLMAhZQACGtzi11XZVa6A,2022-02-09T21:26:25.533Z
Love Is a Beautiful Thing,49,Hill Climber,Vulfpeck,spotify:track:59qmUODXmHXiWwvG8WdzEW,2022-02-09T23:00:15.334Z
Intro,57,Ants From Up There,"Black Country, New Road",spotify:track:3x94tRszQo5AJqaLCg6G8K,2022-02-09T23:01:13.792Z
Chaos Space Marine,57,Ants From Up There,"Black Country, New Road",spotify:track:2UEH1NjNHGsoEIr3GKLhNR,2022-02-09T23:01:22.381Z
Chaos Space Marine,57,Ants From Up There,"Black Country, New Road",spotify:track:2UEH1NjNHGsoEIr3GKLhNR,2022-02-09T23:05:01.164Z
Concorde,57,Ants From Up There,"Black Country, New Road",spotify:track:0y5akbuW5mCnnUe71xATpe,2022-02-09T23:11:05.608Z
Bread Song,55,Ants From Up There,"Black Country, New Road",spotify:track:7hxdkHpl8gNgx3NnoffkK4,2022-02-09T23:17:27.117Z
Good Will Hunting,57,Ants From Up There,"Black Country, New Road",spotify:track:0Ppd0oDauQpaQgNvpHzq24,2022-02-09T23:22:24.662Z
Haldern,57,Ants From Up There,"Black Country, New Road",spotify:track:4EVwKp8hDRmxrT6Dzu6aBc,2022-02-09T23:27:29.954Z
Mark’s Theme,54,Ants From Up There,"Black Country, New Road",spotify:track:0K4HD4meXy662mfS8Og0NU,2022-02-09T23:30:17.032Z
You Are a Runner and I Am My Father's Son,41,Apologies to the Queen Mary,Wolf Parade,spotify:track:6ZwdMyNfYEejW0ADt7pZy8,2022-02-09T23:36:18.572Z
Do You Realize??,65,Yoshimi Battles the Pink Robots,The Flaming Lips,spotify:track:2DFRFqWNahKtFD112H2iEZ,2022-02-09T23:39:52.615Z
Here Comes The Summer,33,EP,The Fiery Furnaces,spotify:track:7BeAt3JCnQux4ISaSaAyas,2022-02-09T23:43:00.715Z
Dancing In The Dark,27,Full Communism,Downtown Boys,spotify:track:7yrGzz7Y48T68jE4jtYiQ2,2022-02-09T23:47:05.987Z
Jj,41,Nothing Feels Natural,Priests,spotify:track:5pmswGf4fU7jQq7SlpLK1M,2022-02-09T23:50:05.447Z
Monstro,20,Full Communism,Downtown Boys,spotify:track:0WWvOTYN70qR2knVzpx0JP,2022-02-09T23:50:06.974Z
I Want You To Love Me,59,Fetch The Bolt Cutters,Fiona Apple,spotify:track:73SBAGI4fPFm4VkB3NjXq8,2022-02-10T08:51:21.295Z
Shameika,52,Fetch The Bolt Cutters,Fiona Apple,spotify:track:2pDKE8Q40TDGPl1O11DKKn,2022-02-10T08:55:29.476Z
On Sight,67,Yeezus,Kanye West,spotify:track:1gqkRc9WtOpnGIqxf2Hvzr,2022-02-10T09:00:25.965Z
Black Skinhead,78,Yeezus,Kanye West,spotify:track:722tgOgdIbNe3BEyLnejw4,2022-02-10T09:03:33.929Z
I Am A God,62,Yeezus,Kanye West,spotify:track:0HMCdlOPJkAGlB0MlSWIcO,2022-02-10T09:07:25.369Z
New Slaves,67,Yeezus,Kanye West,spotify:track:4cAgkb0ifwn0FSHGXnr4F6,2022-02-10T09:11:42.011Z
Hold My Liquor,68,Yeezus,Kanye West,spotify:track:5nIu0VwPOsjkF61zfevLKh,2022-02-10T09:17:08.925Z
I'm In It,60,Yeezus,Kanye West,spotify:track:52NmkyHsGsHGb1UX8fTkMg,2022-02-10T09:21:03.574Z
Blood On The Leaves,69,Yeezus,Kanye West,spotify:track:42GcjriRK6srwHkfbkBqVl,2022-02-10T09:27:03.718Z
Guilt Trip,60,Yeezus,Kanye West,spotify:track:5nPOM0nFRAJ3XI8xCxNAzO,2022-02-10T09:31:06.704Z
Send It Up,60,Yeezus,Kanye West,spotify:track:3RKblQNJs8HPvWBgXmq6nn,2022-02-10T09:34:04.966Z
Bound 2,83,Yeezus,Kanye West,spotify:track:3sNVsP50132BTNlImLx70i,2022-02-10T09:37:54.039Z
Ghost Town,79,ye,Kanye West,spotify:track:7vgTNTaEz3CsBZ1N4YQalM,2022-02-10T09:42:25.581Z
CORSO,72,CALL ME IF YOU GET LOST,"Tyler, The Creator",spotify:track:46oHvXwpEZOFX518we1nJD,2022-02-10T09:44:52.726Z
Mierda Seca,41,Movidas,Cariño,spotify:track:1vi4KNVtynkxNN3kIA3lsu,2022-02-10T09:49:07.952Z
GIOVANNI,34,GIOVANNI,Jamila Woods,spotify:track:6wIedxuJtBog54XqNBzLqf,2022-02-10T09:53:05.755Z
I Just Wanna Be Your Prisoner (feat. Hejira),18,I Just Wanna Be Your Prisoner (feat. Hejira),Skinny Pelembe,spotify:track:7kLkeOxBOHELRbJT85cshn,2022-02-10T09:56:51.337Z
Mother Maybe,35,Childqueen,Kadhja Bonet,spotify:track:02JjaSuokjv0LRHjSvsdls,2022-02-10T10:01:07.180Z
Màgic,38,"Producto Interior Bruto, Vol. 1",Joan Colomo,spotify:track:0avixkGGrieqX6RDLVTYbn,2022-02-10T10:02:49.085Z
El meu lament,33,Santa Ferida,Ferran Palau,spotify:track:7sYBQB4HnYFdWvMmQFwMmj,2022-02-10T10:05:53.683Z
No Time to Lose,42,"Finding Foundations, Vol. 1",Madison McFerrin,spotify:track:3xdYvIkMVU4dlCzD4lji2u,2022-02-10T10:08:37.518Z
Martha,57,Closing Time (Remastered),Tom Waits,spotify:track:75QoXqTlvBwuITzow9egCB,2022-02-10T10:25:56.112Z
Dancing In The Dark,27,Full Communism,Downtown Boys,spotify:track:7yrGzz7Y48T68jE4jtYiQ2,2022-02-10T12:22:19.273Z
"Archie, Marry Me",64,Alvvays,Alvvays,spotify:track:5HLes17mwCwKt81mi0Tk35,2022-02-10T12:27:14.206Z
Adult Diversion,55,Alvvays,Alvvays,spotify:track:22cDldSuj9rgIMXwn4Ofn0,2022-02-10T12:30:49.163Z
In Undertow,53,Antisocialites,Alvvays,spotify:track:1gvaxqNiJEbQzWPqs72kgG,2022-02-10T12:34:07.407Z
Party Police,49,Alvvays,Alvvays,spotify:track:6uOPpbw0ufHCruEKFKAUkj,2022-02-10T12:37:54.938Z
Wussy Void,27,Weird Sister,Joanna Gruesome,spotify:track:28lfs8yqFqFA8KI2tewGf6,2022-02-10T12:39:10.264Z
Wussy Void,27,Weird Sister,Joanna Gruesome,spotify:track:28lfs8yqFqFA8KI2tewGf6,2022-02-10T12:42:09.454Z
Anti-Parent Cowboy Killers,19,Weird Sister,Joanna Gruesome,spotify:track:0iJ7r7US1W6ucCmtrm13dG,2022-02-10T12:44:47.781Z
Lemonade Grrrl,16,Weird Sister,Joanna Gruesome,spotify:track:2qoPwGz9XrPvCKs3Ete6hT,2022-02-10T12:46:52.993Z
Sugarcrush,15,Weird Sister,Joanna Gruesome,spotify:track:3iZUU1gLtY3CaNGlSDv1aT,2022-02-10T12:49:38.848Z
Secret Surprise,13,Weird Sister,Joanna Gruesome,spotify:track:4VdgpH8fsJtYuI9mzQ1NnB,2022-02-10T12:52:23.655Z
Last Year,12,Peanut Butter,Joanna Gruesome,spotify:track:72AewQg8QsVB6IVQE8g3tC,2022-02-10T12:55:16.496Z
Honestly Do Yr Worst,10,Peanut Butter,Joanna Gruesome,spotify:track:7tVmLvokX7LLyMcrZm0Gi0,2022-02-10T12:57:08.833Z
Do You Really Wanna Know Why Yr Still in Love with Me?,10,Weird Sister,Joanna Gruesome,spotify:track:2i1xs9wlYIAct3MH40IaRY,2022-02-10T12:59:58.215Z
Madison,9,Weird Sister,Joanna Gruesome,spotify:track:5SgTgehTsMK9gw79Ea4osN,2022-02-10T13:02:31.577Z
Psykick Espionage,9,Peanut Butter,Joanna Gruesome,spotify:track:2cqOcxsrChlCJwpy5gD8Cn,2022-02-10T13:04:40.789Z
Last Year,12,Peanut Butter,Joanna Gruesome,spotify:track:72AewQg8QsVB6IVQE8g3tC,2022-02-10T13:07:33.466Z
Jamie (Luvver),5,Peanut Butter,Joanna Gruesome,spotify:track:2h2vDiwgLiHXPVh1c16x5N,2022-02-10T13:09:15.255Z
Honestly Do Yr Worst,10,Peanut Butter,Joanna Gruesome,spotify:track:7tVmLvokX7LLyMcrZm0Gi0,2022-02-10T13:11:06.485Z
There Is No Function Stacy,6,Peanut Butter,Joanna Gruesome,spotify:track:4MN6btwC6eowaljkytv4e2,2022-02-10T13:13:04.930Z
Crayon,5,Peanut Butter,Joanna Gruesome,spotify:track:0dY3FFeB7KdIbQfroTF8bF,2022-02-10T13:16:15.420Z
I Don't Wanna Relax,5,Peanut Butter,Joanna Gruesome,spotify:track:32sIdclhXXAYHl8sdlLhZJ,2022-02-10T13:18:30.161Z
Jerome (Liar),4,Peanut Butter,Joanna Gruesome,spotify:track:14xFD42i9cB1p4tfBlDAN4,2022-02-10T13:20:09.999Z
Separate Bedrooms,5,Peanut Butter,Joanna Gruesome,spotify:track:426sj3InraBxPtVaX21gcL,2022-02-10T13:22:09.626Z
Psykick Espionage,9,Peanut Butter,Joanna Gruesome,spotify:track:2cqOcxsrChlCJwpy5gD8Cn,2022-02-10T13:24:17.451Z
Hey! I Wanna Be Yr Best Friend,4,Peanut Butter,Joanna Gruesome,spotify:track:2CjyBEP0Ij3KM7gdtXhsqt,2022-02-10T13:26:19.334Z
Anti-Parent Cowboy Killers,19,Weird Sister,Joanna Gruesome,spotify:track:0iJ7r7US1W6ucCmtrm13dG,2022-02-10T13:28:57.754Z
Sugarcrush,15,Weird Sister,Joanna Gruesome,spotify:track:3iZUU1gLtY3CaNGlSDv1aT,2022-02-10T13:31:42.522Z
Wussy Void,27,Weird Sister,Joanna Gruesome,spotify:track:28lfs8yqFqFA8KI2tewGf6,2022-02-10T13:35:07.457Z
Madison,9,Weird Sister,Joanna Gruesome,spotify:track:5SgTgehTsMK9gw79Ea4osN,2022-02-10T13:37:41.219Z
Lemonade Grrrl,16,Weird Sister,Joanna Gruesome,spotify:track:2qoPwGz9XrPvCKs3Ete6hT,2022-02-10T13:39:45.665Z
Secret Surprise,13,Weird Sister,Joanna Gruesome,spotify:track:4VdgpH8fsJtYuI9mzQ1NnB,2022-02-10T13:42:30.400Z
Do You Really Wanna Know Why Yr Still in Love with Me?,10,Weird Sister,Joanna Gruesome,spotify:track:2i1xs9wlYIAct3MH40IaRY,2022-02-10T13:45:18.833Z
Candy,7,Weird Sister,Joanna Gruesome,spotify:track:0YcBE9WzUDni7RccpCywpX,2022-02-10T13:49:20.860Z
Graveyard,7,Weird Sister,Joanna Gruesome,spotify:track:4UvIlBGpDdJ5vxIAHBI0Gp,2022-02-10T13:52:41.332Z
Satan,6,Weird Sister,Joanna Gruesome,spotify:track:0oVy9LorMUHoZpLPMFr1Z8,2022-02-10T13:54:52.561Z
Pretty Fucking Sick (Of It All),5,Pretty Fucking Sick (Of It All),Joanna Gruesome,spotify:track:0i8uissuQ39wVty2Iqt3Vb,2022-02-10T13:58:01.393Z
Occult Bookshop,3,Pretty Fucking Sick (Of It All),Joanna Gruesome,spotify:track:7lAP9FcRAMiS2jimSWh2hu,2022-02-10T14:00:26.350Z
Psychick Espionage,1,Astonishing Adventures,Joanna Gruesome,spotify:track:1Li5eFj0TZvuyEBPIw96bq,2022-02-10T14:02:34.320Z
...And Keep on Reaching for Those Stars,2,Astonishing Adventures,Joanna Gruesome,spotify:track:2E4PCTE2VT9hSLbpW8NQ2l,2022-02-10T14:03:50.822Z
Sugarcrush,1,Sugarcrush,Joanna Gruesome,spotify:track:4sgdjkCP344zUZVRdpjwN9,2022-02-10T14:06:36.852Z
Tugboat,6,Sugarcrush,Joanna Gruesome,spotify:track:1LKXHQoTh4PAELvB4RQdXM,2022-02-10T14:11:44.954Z
Occult Bookshop,3,Pretty Fucking Sick (Of It All),Joanna Gruesome,spotify:track:7lAP9FcRAMiS2jimSWh2hu,2022-02-10T14:14:08.909Z
Laid,48,Laid,The Pains Of Being Pure At Heart,spotify:track:0JBhtS8zMP6QZFdSCzRjUa,2022-02-10T14:16:59.671Z
Chicago New York,33,The Last Match,The Aislers Set,spotify:track:1z9qvZfQZAAZwdPjDMZwPo,2022-02-10T14:19:21.424Z
*_*,29,Space Brothers,LVL UP,spotify:track:25QPM1IrPu1DZp3L5L2z8q,2022-02-10T14:20:25.509Z
Jj,41,Nothing Feels Natural,Priests,spotify:track:5pmswGf4fU7jQq7SlpLK1M,2022-02-10T14:23:24.723Z
Satan,6,Weird Sister,Joanna Gruesome,spotify:track:0oVy9LorMUHoZpLPMFr1Z8,2022-02-10T14:25:36.656Z
Tennessee,40,Introverted Romance In Our Troubled Minds,P.S. Eliot,spotify:track:46NB89qr5pfPT3L7QxVpgH,2022-02-10T14:28:40.954Z
Ice Cream and Sunscreen,33,Blisters in the Pit of My Heart,Martha,spotify:track:3MyfJvhXq53VdeC3y2GdNz,2022-02-10T14:30:49.010Z
Hare Tarot Lies,36,Wait To Pleasure,No Joy,spotify:track:445bOuJYFe1TGD3FhXPgBU,2022-02-10T14:34:15.852Z
Girl Clout,40,Girl Clout,Fresh,spotify:track:2wgSiQXfOLE5K3xDNfhbNe,2022-02-10T14:36:15.388Z
Crayon,5,Peanut Butter,Joanna Gruesome,spotify:track:0dY3FFeB7KdIbQfroTF8bF,2022-02-10T14:39:26.258Z
Devils Hearts Grow Gold,24,La Sera,La Sera,spotify:track:19QCRcaB1ZkfxGaE0Arz17,2022-02-10T14:41:57.965Z
Throw Aggi Off the Bridge,29,Black Tambourine,Black Tambourine,spotify:track:5NJrNhuALfl84VAquskp0n,2022-02-10T14:45:15.407Z
90210,34,The Courtneys,The Courtneys,spotify:track:14hMPAYT3yRC73RREe88UL,2022-02-10T14:49:15.177Z
...And Keep on Reaching for Those Stars,2,Astonishing Adventures,Joanna Gruesome,spotify:track:2E4PCTE2VT9hSLbpW8NQ2l,2022-02-10T14:50:30.832Z
Dirt on the Bed,30,Pompeii,Cate Le Bon,spotify:track:1mhVCuP7ebwpmfCc2zE64U,2022-02-10T14:57:30.822Z
Wheel,25,Pompeii,Cate Le Bon,spotify:track:2TWhMQfYs5EBkcPBnnD3id,2022-02-10T15:02:59.818Z
Dragon Slayer,55,Time Skiffs,Animal Collective,spotify:track:3xLif937bg3cCIgzGxs9TA,2022-02-10T15:09:54.268Z
Royal and Desire,50,Time Skiffs,Animal Collective,spotify:track:7CKJp9xqS6tUaGjfTThJCX,2022-02-10T15:15:41.513Z
midnight sun,54,midnight sun,Nilüfer Yanya,spotify:track:3IRHPt9MGFCUhunOcqZC7R,2022-02-10T15:21:53.610Z
2010,63,2010,Earl Sweatshirt,spotify:track:5kUgMxXcpAdsnKumXs4J5Z,2022-02-10T15:24:22.077Z
To Be Loved,81,30,Adele,spotify:track:10ImcQk9tihY1EKMDIbvXJ,2022-02-10T15:31:06.923Z
Jump!! (Or Get Jumped!!!)((by the future)),42,Jump!! (Or Get Jumped!!!)((by the future)),Soul Glo,spotify:track:0N4UhLz3AC0uPWIDaCBHdv,2022-02-10T15:34:19.339Z
Simulation Swarm,64,Simulation Swarm,Big Thief,spotify:track:0kVBi81VO9ewtpOlSvRLOV,2022-02-10T17:45:14.493Z
Time Escaping,50,Simulation Swarm,Big Thief,spotify:track:0smJDhuEk2cwnBaWAwcLB1,2022-02-10T17:49:03.015Z
YEET (feat. Yeat),43,DFTK,Yung Kayo,spotify:track:4MqUDh5F0OlLUhQLtYK8u2,2022-02-10T17:51:41.253Z
A New England,41,Life's a Riot with Spy vs. Spy (30th Anniversary Edition),Billy Bragg,spotify:track:0tLuGOBe8BjapO9GcX9WXb,2022-02-10T17:54:23.204Z
The Man in the Iron Mask,21,Life's a Riot with Spy vs. Spy (30th Anniversary Edition),Billy Bragg,spotify:track:4QHAWuIQbLRFglqkCYlrPX,2022-02-10T17:56:38.017Z
The Busy Girl Buys Beauty,18,Life's a Riot with Spy vs. Spy (30th Anniversary Edition),Billy Bragg,spotify:track:1jhR0vhPNVj3TlhLUAO9oB,2022-02-10T17:58:37.269Z
Lovers Town Revisited,18,Life's a Riot with Spy vs. Spy (30th Anniversary Edition),Billy Bragg,spotify:track:3VtKBUOebzW57czX5035GC,2022-02-10T17:59:56.795Z
Intro - Live,14,Life's a Riot with Spy vs. Spy (30th Anniversary Edition),Billy Bragg,spotify:track:3D675UfnT1SrK8KM8iA8Hk,2022-02-10T18:00:55.898Z
Lovers Town Revisited - Live,14,Life's a Riot with Spy vs. Spy (30th Anniversary Edition),Billy Bragg,spotify:track:3ybwxn2gM9Wfp2hjOaJzeo,2022-02-10T18:02:11.782Z
To Have and to Have Not - Live,14,Life's a Riot with Spy vs. Spy (30th Anniversary Edition),Billy Bragg,spotify:track:5miTJlfyp0jJZ8flK1YBlV,2022-02-10T18:04:35.514Z
When the Roses Bloom Again,54,Mermaid Avenue Vol. III,Billy Bragg,spotify:track:5UxJZ4bAva9wi19szFiddW,2022-02-10T18:10:37.756Z
Which Side Are You On,34,Brewing up With,Billy Bragg,spotify:track:7bBoLu8ATuAAro3AWGFIvO,2022-02-10T18:16:28.810Z
The Internationale,34,The Internationale,Billy Bragg,spotify:track:5qoIGfNFax6WdgpfXwaEPQ,2022-02-10T18:20:47.307Z
The Man in the Iron Mask,21,Life's a Riot with Spy vs. Spy (30th Anniversary Edition),Billy Bragg,spotify:track:4QHAWuIQbLRFglqkCYlrPX,2022-02-10T18:23:01.361Z
ロマンス,47,キャット,鈴木 弘,spotify:track:4kXX1dTN3aw9JNznU9G3oU,2022-02-10T18:32:20.048Z
シュリンプ・ダンス,43,キャット,鈴木 弘,spotify:track:2Gxqikeb2xoK7clN0p8wch,2022-02-10T18:39:23.496Z
クロとシロ,39,キャット,鈴木 弘,spotify:track:6DxjcerSgdQFFBiZR7hnQw,2022-02-10T18:51:05.690Z
ウォーク・トール,37,キャット,鈴木 弘,spotify:track:1M3MUcSSE0CF3cCEJO4v4l,2022-02-10T19:01:21.074Z
キャット,34,キャット,鈴木 弘,spotify:track:5Y7sKAFp5Gpu7QeXwUuuGF,2022-02-10T19:06:47.754Z
シュリンプ・ダンス,43,キャット,鈴木 弘,spotify:track:2Gxqikeb2xoK7clN0p8wch,2022-02-10T19:13:50.479Z
クロとシロ,39,キャット,鈴木 弘,spotify:track:6DxjcerSgdQFFBiZR7hnQw,2022-02-10T19:25:33.739Z
ウォーク・トール,37,キャット,鈴木 弘,spotify:track:1M3MUcSSE0CF3cCEJO4v4l,2022-02-10T19:35:47.312Z
キャット,34,キャット,鈴木 弘,spotify:track:5Y7sKAFp5Gpu7QeXwUuuGF,2022-02-10T19:41:14.741Z
ロマンス,47,キャット,鈴木 弘,spotify:track:4kXX1dTN3aw9JNznU9G3oU,2022-02-10T19:47:08.389Z
キャット,34,キャット,鈴木 弘,spotify:track:5Y7sKAFp5Gpu7QeXwUuuGF,2022-02-10T19:52:34.470Z
Green,53,Green,Robohands,spotify:track:11sCe96EJCJvMWAdAg3FnR,2022-02-10T19:56:23.841Z
Stardust,55,Candy,Bobby Hutcherson,spotify:track:6QqXTZUL8O3y46rgDEWnsm,2022-02-10T20:01:47.849Z
Mary et Jeff,43,Troupeau bleu,Cortex,spotify:track:0ztpWjYYFWQaw5DnPDIYkl,2022-02-10T20:04:33.851Z
ジェントル・ウェイヴ,39,ファンキー・スタッフ,稲垣次郎とソウル・メディア,spotify:track:3zf2Q4RClUxso6f7PX6Fw2,2022-02-10T20:09:55.834Z
シュリンプ・ダンス,43,キャット,鈴木 弘,spotify:track:2Gxqikeb2xoK7clN0p8wch,2022-02-10T20:16:59.196Z
Lost,53,Green,Robohands,spotify:track:2fjxa58YNrEOgZvqQ08HcD,2022-02-10T20:18:46.783Z
Drinking from the Cup of Bob Knob,46,All News Is Good News,Surprise Chef,spotify:track:0Ed3Md9WesYA0qTvcyo50A,2022-02-10T20:22:46.361Z
Mahè,43,La Ragazza Dalla Pelle Di Luna,Piero Umiliani,spotify:track:29eLonNk3JNVWqu58cr7rq,2022-02-10T20:25:29.533Z
ハイ・ジャック,35,ヘッド・ロック,稲垣次郎とソウル・メディア,spotify:track:1EoQjX52kziNxbFEQZNh76,2022-02-10T20:29:46.225Z
Go Round,37,Troupeau bleu,Cortex,spotify:track:3CKsKWOasAzsjlhdWk9DGs,2022-02-10T20:31:09.653Z
Castelo - Version 1,42,"Demos (1973-1975), Vol. 1 & 2",Azymuth,spotify:track:74eupt16AAFdP0f7IOxVpA,2022-02-10T20:34:44.971Z
Dream,40,Green,Robohands,spotify:track:1kJzXLFvuqrgdZ82tiVqeF,2022-02-10T20:37:58.576Z
Red Clay,53,Windows,Jack Wilkins,spotify:track:3Mbkhd9tdMwyqbrVE3IODX,2022-02-10T20:42:58.036Z
Lady Magnolia,47,To-Day's Sound,Piero Umiliani,spotify:track:5yEu5YHXKzbBerMRWQyQoR,2022-02-10T20:46:25.968Z
Ice Copy,34,Music for Nine Post Cards,Hiroshi Yoshimura,spotify:track:4YleYbTBE8XmKs5fhuu06c,2022-02-10T20:49:21.970Z
ペインテッド・パラダイス,43,ファンキー・スタッフ,稲垣次郎とソウル・メディア,spotify:track:6MQrRYhg1dUdskRQSpTFYJ,2022-02-10T20:56:14.793Z
"Sabbat, pt. 1",34,Troupeau bleu,Cortex,spotify:track:6RZYzVk2IG0PhhF3PMbLSQ,2022-02-10T20:57:16.756Z
Strange Times,34,Green,Robohands,spotify:track:1eUHuw32zNEOcFqlJNOd8U,2022-02-10T21:00:49.763Z
Zé e Paraná,51,Zé e Paraná,Azymuth,spotify:track:6ustIXX6sc1cqA3blhyNsy,2022-02-10T21:05:01.215Z
Pelle Di Luna,37,La Ragazza Dalla Pelle Di Luna,Piero Umiliani,spotify:track:1T1s83GwCXB8aAhqlmhjGM,2022-02-10T21:08:38.736Z
Crayfish Caper,46,All News Is Good News,Surprise Chef,spotify:track:33iMJKVzhZQTieO3HrSdKr,2022-02-10T21:15:28.113Z
Soto Wa Ame - Rain out of Window,34,Music for Nine Post Cards,Hiroshi Yoshimura,spotify:track:1t55ZCXzFYc0YJOIUpJuRC,2022-02-10T21:20:04.938Z
ブリーズ,51,ファンキー・スタッフ,稲垣次郎とソウル・メディア,spotify:track:2llFlNkPX4hW1M3HLdEMBm,2022-02-10T21:24:43.296Z
Poxa,43,"Cortex, Vol. 2",Cortex,spotify:track:4NaIl2XLSgc5AoFIZm1NIU,2022-02-10T21:28:00.045Z
When There Is No Sun,42,New Steps,Sun Ra,spotify:track:03EswEfc8sYqEVAyjOfFFn,2022-02-10T21:32:35.167Z
Nowin,35,シーナリー・オブ・ジャパニーズ・ジャズ,Masaru Imada,spotify:track:5vy52C7oCNjMjop20V7Cg6,2022-02-10T21:36:14.290Z
Bad Kingdom,47,Gold,May The Muse,spotify:track:7vCuaxRIKElwgjSAo5REkw,2022-02-10T23:27:55.748Z
Bad Kingdom,47,Gold,May The Muse,spotify:track:7vCuaxRIKElwgjSAo5REkw,2022-02-11T00:42:08.162Z
Le vent nous portera,57,1983,Sophie Hunger,spotify:track:5TuICc3rZeDaNP7mpRqlFj,2022-02-11T00:45:54.828Z
Bad Kingdom,47,Gold,May The Muse,spotify:track:7vCuaxRIKElwgjSAo5REkw,2022-02-11T00:49:30.072Z
Bad Kingdom,47,Gold,May The Muse,spotify:track:7vCuaxRIKElwgjSAo5REkw,2022-02-11T19:08:24.795Z
Le vent nous portera,58,1983,Sophie Hunger,spotify:track:5TuICc3rZeDaNP7mpRqlFj,2022-02-11T19:12:10.193Z
Never Come Back,52,Suddenly,Caribou,spotify:track:2xxKJgIpgiancRpSup5dHU,2022-02-11T19:17:16.714Z
Me and the Devil,49,I’m New Here (10th Anniversary Expanded Edition),Gil Scott-Heron,spotify:track:0DfHeKRPWea6WPOXvmMRMQ,2022-02-11T19:22:54.698Z
"not a lot, just forever",49,songs,Adrianne Lenker,spotify:track:11hEwcy9LMEvzAlOYAFhkK,2022-02-12T14:44:31.538Z
Lilacs,56,Saint Cloud,Waxahatchee,spotify:track:69Akwuscu16hdYN637eTis,2022-02-12T14:47:47.772Z
zombie girl,56,songs,Adrianne Lenker,spotify:track:3v2OxIsGWJXWfLuRkB59Q6,2022-02-12T14:50:32.605Z
Drink My Rivers,40,The Bearer of Bad News,Andy Shauf,spotify:track:5YnIlLNACAWMpf2130p9d6,2022-02-12T14:54:54.677Z
Money,38,a-sides,Adrianne Lenker,spotify:track:6uSLk87TiYs9uTqf23k0Sw,2022-02-12T14:58:52.317Z
I Still Hear You,43,a-sides,Adrianne Lenker,spotify:track:5axTmQJpmmKAPWUOBTJboB,2022-02-12T15:02:18.929Z
Indiana,54,a-sides,Adrianne Lenker,spotify:track:4yVrfsUNtc5RS7nbOv8hHA,2022-02-12T15:04:57.755Z
Nice and Quiet,51,Bedouine (Deluxe),Bedouine,spotify:track:1BWOUFGSAbPzrhZxDMno2K,2022-02-12T15:08:48.284Z
ingydar,52,songs,Adrianne Lenker,spotify:track:5CpH0bwau1sW8vtTBQ8Erc,2022-02-12T15:12:57.631Z
Not - Edit,31,Not,Big Thief,spotify:track:0QlULHJrr9u2AunNm1mmzi,2022-02-12T15:17:07.720Z
half return,45,songs,Adrianne Lenker,spotify:track:1i8dJGpKO0xQiKGCVslJqB,2022-02-12T15:19:16.972Z
Light of a Clear Blue Morning,49,Saint Cloud +3,Waxahatchee,spotify:track:5slPetmTwOHfqpEFFDMzyn,2022-02-12T15:23:55.641Z
anything,62,songs,Adrianne Lenker,spotify:track:4PwWESSlTwzvw9B7bmtTLS,2022-02-12T15:27:18.408Z
To You,41,The Party,Andy Shauf,spotify:track:114ujdGSsiHKbDIO7MVH16,2022-02-12T15:31:13.818Z
two reverse,51,songs,Adrianne Lenker,spotify:track:4GHHloVSspowQJMBsJ6r37,2022-02-12T15:34:47.584Z
Ringing Bells,34,b-sides,Adrianne Lenker,spotify:track:5xjqIJjjrLgTD2GBHkDQtJ,2022-02-12T15:38:36.694Z
dragon eyes,47,songs,Adrianne Lenker,spotify:track:2u0vK4Gf1IaEdcI7MtRWP5,2022-02-12T15:42:03.708Z
It Wasn't Me,43,Waysides,Bedouine,spotify:track:0fEFGxcfXnXHeHfvuVFuo1,2022-02-12T15:46:11.508Z
forwards beckon rebound,46,songs,Adrianne Lenker,spotify:track:6PBanBy8L1K2Ry4UN186XH,2022-02-12T15:49:21.787Z
Certainty,61,Certainty,Big Thief,spotify:track:10DoOnXIHg8Zn3Iucy8Tmu,2022-02-12T15:52:29.894Z
Snow Song,37,Hours Were the Birds,Adrianne Lenker,spotify:track:0Cb1Ltn7Gc84D8x0SKmAZX,2022-02-12T15:56:26.804Z
Farewell Transmission,49,Farewell Transmission b/w The Dark Don’t Hide It,Kevin Morby,spotify:track:6QhhnBsVJ8WepUb1KLTFFH,2022-02-12T16:03:24.428Z
Overlord,45,5EPs,Dirty Projectors,spotify:track:71ehrhyVZ6NDtdkYOWP1J0,2022-02-14T13:20:56.237Z
Modern Pressure,42,Modern Pressure,Daniel Romano,spotify:track:2QezxodACMrbM5VLhtAIsR,2022-02-14T13:24:51.467Z
When the Roses Bloom Again,55,Mermaid Avenue Vol. III,Billy Bragg,spotify:track:5UxJZ4bAva9wi19szFiddW,2022-02-14T15:39:16.224Z
Hobo's Lullaby,51,Shine a Light: Field Recordings from the Great American Railroad,Billy Bragg,spotify:track:2Hpd2G05DgciJqM8N1gbNk,2022-02-14T15:43:14.492Z
A New England,41,Life's a Riot with Spy vs. Spy (30th Anniversary Edition),Billy Bragg,spotify:track:0tLuGOBe8BjapO9GcX9WXb,2022-02-14T15:45:29.367Z
Way over Yonder in the Minor Key,50,Mermaid Avenue,Billy Bragg,spotify:track:4oAIcTUK9aVpT2gIBsbKXD,2022-02-14T15:49:38.112Z
Between the Wars,36,Brewing up With,Billy Bragg,spotify:track:25sqUAyAiveCVVLqIB40GO,2022-02-14T15:52:09.320Z
Waiting for the Great Leap Forwards,42,Workers Playtime,Billy Bragg,spotify:track:259G3Jsb3cerNiYS05rPEK,2022-02-14T15:53:50.226Z
Oh My Darling Don't Cry,54,Run the Jewels 2,Run The Jewels,spotify:track:6Q1TIMUFgQIiRJlPMgXKsC,2022-02-14T16:01:16.379Z
Options (with Coi Leray & Wale) - Remix,45,Options (with Coi Leray & Wale) [Remix],EARTHGANG,spotify:track:1O110m9QKRYpE14dfqHzg5,2022-02-14T16:04:30.383Z
yankee and the brave (ep. 4),55,RTJ4,Run The Jewels,spotify:track:1EjzcBTVLV7ATtdsQwyV31,2022-02-14T16:06:57.458Z
Track X,55,For the first time,"Black Country, New Road",spotify:track:6jezfOPKkARrn1J8AwHTE4,2022-02-14T16:11:42.422Z
JU$T (feat. Pharrell Williams & Zack de la Rocha),55,RTJ4,Run The Jewels,spotify:track:10vS4ZLi4XWlIsNXSQXgqh,2022-02-14T16:15:07.413Z
9-24-7000 (feat. Rick Ross),37,Blue Chips 7000,Action Bronson,spotify:track:0wASQ9xMN5CR5K7TdYCDbd,2022-02-14T16:18:37.777Z
walking in the snow,51,RTJ4,Run The Jewels,spotify:track:2pVvB487ZwqdzTxEvEEors,2022-02-14T16:22:34.068Z
Mr. Trevor Philips,28,"The Music of Grand Theft Auto V, Vol. 2: The Score",Tangerine Dream,spotify:track:6wssQWbZdZuqYLKFl6DgPD,2022-02-14T16:27:00.752Z
out of sight (feat. 2 Chainz),55,RTJ4,Run The Jewels,spotify:track:2uxudaBcJamtfgvUjSDdkZ,2022-02-14T16:30:22.029Z
Loosey In The Store With Pennies (Extended Version),18,Your Old Droog,Your Old Droog,spotify:track:6DZbnpbmfXqWJkjqu7FZEM,2022-02-14T16:34:31.802Z
pulling the pin (feat. Mavis Staples & Josh Homme),45,RTJ4,Run The Jewels,spotify:track:1uE4PBDSPZ0cT4do1bmT7A,2022-02-14T16:38:09.401Z
"Down Bad (feat. JID, Bas, J. Cole, EARTHGANG & Young Nudy)",72,Revenge Of The Dreamers III,Dreamville,spotify:track:36J0iaPDGbYGsHvYpaYs3k,2022-02-14T16:40:59.327Z
Chase Me (feat. Run The Jewels & Big Boi) - Single Version - Music From The Motion Picture Baby Driver,49,Chase Me (feat. Run The Jewels & Big Boi),Danger Mouse,spotify:track:2ouMVpv6OJglrFHg2GQPwd,2022-02-14T16:44:27.010Z
Chaos Space Marine,63,Ants From Up There,"Black Country, New Road",spotify:track:2UEH1NjNHGsoEIr3GKLhNR,2022-02-14T16:48:03.634Z
holy calamafuck,50,RTJ4,Run The Jewels,spotify:track:6tfrMstZ8tw7nZJ6HP0PyW,2022-02-14T16:52:02.664Z
The Leaves Were Falling,0,Wildflower,The Avalanches,spotify:track:3HoXMEw4O6hfuYBVyBzkP7,2022-02-14T16:57:11.681Z
Because I’m Me,63,Wildflower,The Avalanches,spotify:track:3f3HHRPF5vAo90GwdpDMaQ,2022-02-14T17:01:24.453Z
Frankie Sinatra,47,Wildflower,The Avalanches,spotify:track:39j3ulhZAiudnvNp7dwgYl,2022-02-14T17:05:07.860Z
Subways,47,Wildflower,The Avalanches,spotify:track:1ZxakFiRaOFj6CDarCxozU,2022-02-14T17:08:18.781Z
Going Home,37,Wildflower,The Avalanches,spotify:track:2RTwPzWk8u31Z7ruZmXe2A,2022-02-14T17:49:08.793Z
